[
    {
        "name": "Printer Device",
        "uid": "printer_device",
        "active": "{{DEVICES_MOD_ENABLE_PRINTER == '1'}}",
        "class": "printers.printer_device.PrinterDevice",
        "config": {
            "idVendor": "{{DEVICES_MOD_PRINTER_VENDOR}}",
            "idProduct": "{{DEVICES_MOD_PRINTER_PRODUCT}}",
            "out_ep": "{{DEVICES_MOD_PRINTER_OUT_EP}}",
            "useStyles": "{{DEVICES_MOD_PRINTER_USE_STYLES}}"
        }
    },

    {
        "name": "Raspberry Gate Controller",
        "uid": "raspi_gate",
        // Deshabilitado. No activarlo, no funciona aun
        "active": false,
        "class": "raspi_gate.raspi_gate.RaspberryGateController",
        "config": {
        }
    }
]
