[
    {
        "name": "API Caller",
        "uid": "api_caller",
        "class": "remote_connector.api_caller.ApiCaller",
        "config": {
            "servers": {
                // ====== GATE DEVICE ======
                "gate_device": {
                    "base_url": "{{GATE_DEVICE_API_URL}}",
                    "login_fn": "gate_device_login_function",
                    "login_username": "{{GATE_DEVICE_API_USER}}",
                    "login_password": "{{GATE_DEVICE_API_PASSW}}",
                    "apis": {
                        "login": {
                            "url": "/login/",
                            "is_authentication_api": true
                        },
                        "logout": {
                            "url": "/logout/"
                        },
                        "action": {
                            "url": "/action/"
                        },
                        "status": {
                            "url": "/gate_status/"
                        },
                        "counters": {
                            "url": "/get_counters/"
                        },
                        "antenna_messages": {
                            "url": "/antenna_messages/"
                        },
                        "antenna_state": {
                            "url": "/antenna_status/"
                        },
                        "register_transit": {
                            "url": "/register_transit/"
                        },
                        "reset_counters": {
                            "url": "/reset_counters/"
                        },
                        "look-for-tag": {
                            "url": "/look_for_tag/"
                        },
                        "report-tag": {
                            "url": "/report-tag/"
                        }
                    }
                },
                // ====== REGIONAL SERVER (Real-time operations) ======
                "regional": {
                    "base_url": "{{REGIONAL_API_URL}}",
                    "apis": {
                        "login": {
                            "url": "/login/"
                        },
                        "logout": {
                            "url": "/logout/"
                            // "return_type": "str"
                        },
                        "build_version": {
                            "url": "/build-version/",
                            "method": "GET",
                            "return_type": "str"
                        }
                    }
                },
                // ====== REGIONAL SERVER (Deferred operations) ======
                "regional_deferred": {
                    "base_url": "{{REGIONAL_API_URL}}",
                    "login_fn": "regional_deferred_login_function",
                    "apis": {
                        "login": {
                            "url": "/login/",
                            "is_authentication_api": true
                        },
                        "logout": {
                            "url": "/logout/"
                            // "return_type": "str"
                        },
                        "register_payment": {
                            "url": "/runtime/deferred/register-payment/"
                        },
                        "ping": {
                            "url": "/runtime/deferred/ping/"
                        },
                        "register_close_period": {
                            "url": "/runtime/deferred/v2/register-close-period/"
                        }
                    }
                }
            },
            // Default request HTTP method.
            // Server entries can override this via "method" key
            "default_method": "POST",
            // Default timeout before aborting the request.
            // Api entries can override this via "timeout" key
            "default_timeout": 20.0,
            // Default return type of the response. It will be transformed to this type.
            // Accepted values are: str, json, binary
            // Api entries can override this via "return_type" key
            "default_return_type": "json",
            // Whether to store the request in a session (needed for login and cookies)
            // Api entries can override this via "use_session" key
            "default_use_session": true,
            // Root directory to store the sessions
            "session_path": ""
        }
    },
    {
        "name": "System State Machine",
        "uid": "app_fsm",
        "class": "fsm.state_machine.AVMStateMachine",
        "config": {
            "ssm_definition": {
                "name": "Ticket Vending Machine",
                "initial": "st_init",
                "states": [
                    {
                        "name": "st_init"
                    },
                    {
                        "name": "st_non_operative"
                    },
                    {
                        "name": "st_vehicle_type_selection"
                    },
                    {
                        "name": "st_payment_processed"
                    },
                    {
                        "name": "st_wait_print_receipt_order"
                    },
                    {
                        "name": "st_print_receipt",
                        "on_enter": "on_print_receipt_enter"
                    },
                    {
                        "name": "st_open_gate"
                    },
                    {
                        "name": "st_print_receipt_error"
                    },
                    {
                        "name": "st_print_close_period",
                        "on_enter": "on_print_close_period"
                    },
                    {
                        "name": "logout"
                    },
                    {
                        "name": "st_print_close_period_error"
                    }
                ],
                "events": [
                    "ev_init",
                    "ev_enter_operative",
                    "ev_gate_closed",
                    "ev_operator_login",
                    "ev_payment_processed",
                    "ev_exonerated_processed",
                    "ev_print_receipt",
                    "ev_cancel_print_receipt",
                    "ev_printer_success_for_receipt",
                    "ev_printer_error_for_receipt",
                    "ev_printer_error_retry",
                    "ev_printer_error_cancel",
                    "ev_close_period",
                    "ev_printer_success_for_close_period",
                    "ev_printer_error_for_close_period"
                ],
                "transitions": [
                    {
                        "trigger": "ev_init",
                        "source": "st_init",
                        "dest": "st_non_operative"
                    },
                    {
                        "trigger": "ev_enter_operative",
                        "source": "st_non_operative",
                        "dest": "st_vehicle_type_selection"
                    },
                    {
                        "trigger": "ev_payment_processed",
                        "source": "st_vehicle_type_selection",
                        "dest": "st_print_receipt"
                    },
                    {
                        "trigger": "ev_exonerated_processed",
                        "source": "st_vehicle_type_selection",
                        "dest": "st_open_gate"
                    },
                    {
                        "trigger": "ev_printer_success_for_receipt",
                        "source": "st_print_receipt",
                        "dest": "st_open_gate"
                    },
                    {
                        "trigger": "ev_printer_error_for_receipt",
                        "source": "st_print_receipt",
                        "dest": "st_print_receipt_error"
                    },
                    {
                        "trigger": "ev_gate_closed",
                        "source": "st_open_gate",
                        "dest": "st_vehicle_type_selection"
                    },
                    {
                        "trigger": "ev_close_period",
                        "source": "*",
                        "dest": "st_print_close_period"
                    },
                    {
                        "trigger": "ev_printer_success_for_close_period",
                        "source": "st_print_close_period",
                        "dest": "logout"
                    },
                    {
                        "trigger": "ev_printer_error_for_close_period",
                        "source": "st_print_close_period",
                        "dest": "st_print_close_period_error"
                    },
                    {
                        "trigger": "ev_printer_error_retry",
                        "source": "st_print_close_period_error",
                        "dest": "st_print_close_period"
                    },
                    {
                        "trigger": "ev_printer_error_cancel",
                        "source": "st_print_close_period_error",
                        "dest": "logout"
                    },
                    {
                        "trigger": "ev_operator_login",
                        "source": "logout",
                        "dest": "st_vehicle_type_selection"
                    },
                    {
                        "trigger": "ev_printer_error_cancel",
                        "source": "st_print_receipt_error",
                        "dest": "st_open_gate"
                    }
                ]
            }
        }
    },
    {
        "name": "System State, Statistics and Active Screen",
        "uid": "sys_state",
        "class": "system_state.system_state.SystemState",
        "config": {}
    },
    {
        "name": "Send Status to Regional",
        "uid": "send_status",
        "class": "report_status.send_status.SendStatus",
        "config": {}
    },
    {
        "name": "Messages Queue",
        "uid": "message_queue",
        "class": "secure_messages.message_queue.MessageQueue",
        "config": {}
    },
    {
        "name": "Get Status of the gate",
        "uid": "gate_status",
        "class": "report_status.gate_status.GetGateStatus",
        "config": {}
    },
    {
        "name": "Get plate image",
        "uid": "get_image",
        "class": "camera_image.get_image.AlprCamera",
        "config": {}
    },
    {
        "name": "Get Status of the antenna",
        "uid": "antenna_status",
        "class": "report_status.antenna_status.GetAntennaStatus",
        "config": {}
    }
]
