{
  "name": "booth loop",
  "initial": "st_non_vehicle_detected",

  "states": [
    {"name":  "st_init", "on_enter":  "on_enter_init", "on_exit":  ""},
    {"name":  "st_vehicle_detected", "on_enter":  "on_enter_vehicle_detected", "on_exit":  ""},
    {"name":  "st_non_vehicle_detected", "on_enter":  "on_enter_non_vehicle_detected", "on_exit":  ""},
    {"name":  "st_vehicle_passed", "on_enter":  "on_enter_vehicle_passed", "on_exit":  ""}
  ],
  "events": [
    "ev_init",
    "ev_detect_vehicle",
    "ev_vehicle_pass",
    "ev_non_vehicle_detect"
  ],
  "transitions": [
    {
      "trigger": "ev_init",
      "source": "st_init",
      "dest": "st_non_vehicle_detected",
      "conditions": "",
      "before": "",
      "after": ""
    },
    {
      "trigger": "ev_detect_vehicle",
      "source": "st_non_vehicle_detected",
      "dest": "st_vehicle_detected",
      "conditions": "",
      "before": "",
      "after": ""
    },
    {
      "trigger": "ev_vehicle_pass",
      "source": "st_vehicle_detected",
      "dest": "st_vehicle_passed",
      "conditions": "",
      "before": "",
      "after": ""
    },
    {
      "trigger": "ev_non_vehicle_detect",
      "source": "st_vehicle_passed",
      "dest": "st_non_vehicle_detected",
      "conditions": "",
      "before": "",
      "after": ""
    }
  ]
}
